Time,Lat,Lon,Speed (knots),Heading (deg),Distance to WP (m),Heading Error (deg),XTE (m),RZ Thrust,Forward Thrust,WP Lat,WP Lon,Bearing to WP,Wind Speed (knots),Wind Angle (deg)
2025-04-19 13:25:40,50.017526716666666,-4.001565633333334,0.699997777472,304.2,261.5499617902151,-14.12014904432533,-0.35233607426925534,-100.0,100.0,50.01833333333333,-4.005,290.07985095567466,,
2025-04-19 13:25:43,50.01753493333333,-4.0015898,2.299992697408,284.8,259.6125261705059,5.221216495635815,-0.6153694086510576,100.0,20.0,50.01833333333333,-4.005,290.0212164956358,,
2025-04-19 13:25:44,50.017536283333335,-4.00161405,2.399992379904,268.8,257.93172831886955,21.32175027805613,-0.1587660090587372,100.0,20.0,50.01833333333333,-4.005,290.12175027805614,,
2025-04-19 13:25:46,50.01753743333333,-4.001640766666666,2.299992697408,281.0,256.09388439580306,9.241920476583402,0.37953296516375495,100.0,20.0,50.01833333333333,-4.005,290.2419204765834,,
2025-04-19 13:25:47,50.01754235,-4.001660833333333,1.8999939674239998,304.7,254.5578246454184,-14.461901458809905,0.360306087093241,-100.0,100.0,50.01833333333333,-4.005,290.2380985411901,,
2025-04-19 13:25:48,50.017552583333334,-4.001678416666667,2.399992379904,315.0,252.9844892947501,-24.905451023996022,-0.27573086501225924,-100.0,100.0,50.01833333333333,-4.005,290.094548976004,,
2025-04-19 13:25:50,50.01756316666667,-4.001700483333333,2.899990792384,294.9,251.09803509954799,-4.9341903761496155,-0.837844435471398,-50.0,100.0,50.01833333333333,-4.005,289.96580962385036,,
2025-04-19 13:25:53,50.01756966666667,-4.001767933333333,3.699988252352,259.4,246.31823070730195,30.79076508533808,0.1453076777552199,100.0,20.0,50.01833333333333,-4.005,290.19076508533806,,
2025-04-19 13:25:56,50.01755896666667,-4.001838383333333,2.599991744896,268.1,242.0166785569375,22.76714511015132,2.9998403070607695,100.0,20.0,50.01833333333333,-4.005,290.86714511015134,,
2025-04-19 13:25:59,50.01756675,-4.001885816666666,1.9999936499200002,306.3,238.53808348932827,-15.337069817054214,3.3555370227148202,-100.0,100.0,50.01833333333333,-4.005,290.9629301829458,,
2025-04-19 13:26:00,50.01757748333333,-4.001902883333333,2.399992379904,319.9,236.97163356370564,-29.1012549345416,2.654514783334969,-100.0,100.0,50.01833333333333,-4.005,290.7987450654584,,
2025-04-19 13:26:02,50.01759125,-4.0019263,3.099990157376,303.8,234.8631485609582,-13.205676120193175,1.7930083740654061,-100.0,100.0,50.01833333333333,-4.005,290.59432387980684,,
2025-04-19 13:26:04,50.01760055,-4.001965383333333,3.2999895223679996,273.1,231.8820704376005,17.49780963723026,1.7844102125039463,100.0,20.0,50.01833333333333,-4.005,290.5978096372303,,
2025-04-19 13:26:07,50.01760036666667,-4.002032066666667,2.399992379904,283.0,227.4307337766341,8.025314960497553,3.447090630603867,100.0,20.0,50.01833333333333,-4.005,291.02531496049755,,
2025-04-19 13:26:08,50.01760601666667,-4.0020566833333335,2.199993014912,297.4,225.5615162888706,-6.363360142991098,3.4633710089021115,-100.0,60.0,50.01833333333333,-4.005,291.0366398570089,,
2025-04-19 13:26:10,50.017616866666664,-4.002077616666667,2.599991744896,313.6,223.73119421872516,-22.714426520297252,2.8454572592339358,-100.0,100.0,50.01833333333333,-4.005,290.88557347970277,,
2025-04-19 13:26:12,50.01763016666666,-4.002108933333333,3.2999895223679996,290.9,221.1112947560354,-0.16595937376553138,2.2274272552778034,50.0,100.0,50.01833333333333,-4.005,290.73404062623445,,
2025-04-19 13:26:15,50.017638633333334,-4.00218565,3.9999872998400003,290.7,215.64819856857116,0.3159482820593098,3.2334504789729723,50.0,80.0,50.01833333333333,-4.005,291.0159482820593,,
2025-04-19 13:26:18,50.017672766666664,-4.002254833333334,4.099986982336,326.2,209.67360532492665,-35.6684001644835,1.37157503120711,-100.0,20.0,50.01833333333333,-4.005,290.5315998355165,,
2025-04-19 13:26:20,50.01770075,-4.0022785333333335,3.3999892048639997,331.2,207.00655774507496,-41.311303604990826,-0.9686233217104524,-100.0,20.0,50.01833333333333,-4.005,289.88869639500916,,
2025-04-19 13:26:21,50.01771686666667,-4.0022969,2.599991744896,313.2,205.16458312732843,-23.657657347438374,-2.2001759165016144,-100.0,100.0,50.01833333333333,-4.005,289.5423426525616,,
2025-04-19 13:26:23,50.0177302,-4.0023265666666665,3.199989839872,294.6,202.66949416282748,-5.252447449370152,-2.862356326787951,-100.0,20.0,50.01833333333333,-4.005,289.34755255062987,,
2025-04-19 13:26:25,50.01773428333333,-4.002362983333334,2.599991744896,270.7,200.0616505632698,18.771843363024743,-2.391524965203459,100.0,20.0,50.01833333333333,-4.005,289.47184336302473,,
2025-04-19 13:26:26,50.017732716666664,-4.002391366666667,2.399992379904,263.2,198.20747373164895,26.514983254251092,-1.528250151586664,100.0,20.0,50.01833333333333,-4.005,289.7149832542511,2.5,2.9
2025-04-19 13:26:28,50.017733,-4.0024208833333335,2.199993014912,279.9,196.21049927666616,10.014267871285142,-0.8303718125264202,100.0,20.0,50.01833333333333,-4.005,289.9142678712851,,
2025-04-19 13:26:30,50.017739633333335,-4.002445216666667,1.8999939674239998,307.7,194.32256345936656,-17.815653824992012,-0.9238353060892014,-100.0,100.0,50.01833333333333,-4.005,289.884346175008,,
2025-04-19 13:26:33,50.01776185,-4.00248025,2.899990792384,305.1,191.13058990245824,-15.657369548595398,-2.382074555007297,-100.0,100.0,50.01833333333333,-4.005,289.4426304514046,,
2025-04-19 13:26:36,50.01777255,-4.002548433333334,3.49998888736,263.7,186.13585383519302,25.896544772420327,-1.8197581182519715,100.0,20.0,50.01833333333333,-4.005,289.5965447724203,,
2025-04-19 13:26:38,50.01776576666666,-4.002591016666667,3.199989839872,252.5,183.52780898137448,37.63753587908752,-0.061346729950161716,100.0,20.0,50.01833333333333,-4.005,290.1375358790875,,
2025-04-19 13:26:39,50.017761916666664,-4.0026223666666665,2.4999920624,267.1,181.57382346589824,23.408093192522983,1.1136602307158114,100.0,20.0,50.01833333333333,-4.005,290.508093192523,2.75,357.9
2025-04-19 13:26:41,50.01776508333333,-4.002651833333333,1.9999936499200002,294.6,179.47666728959987,-3.961603296189878,1.5089911098027986,-50.0,40.0,50.01833333333333,-4.005,290.63839670381014,,
2025-04-19 13:26:43,50.0177742,-4.0026742,2.099993332416,307.2,177.6222011382332,-16.686079789194707,1.1075416608390816,-100.0,100.0,50.01833333333333,-4.005,290.5139202108053,,
2025-04-19 13:26:45,50.0177863,-4.0027043,2.9999904748799997,292.9,175.13443706158932,-2.551990657984959,0.5849277108758975,0.0,80.0,50.01833333333333,-4.005,290.348009342015,,
2025-04-19 13:26:50,50.017792416666666,-4.0028461,4.599985394816,271.9,165.41310218107287,19.448440628855792,3.440618464382952,100.0,20.0,50.01833333333333,-4.005,291.34844062885577,,
2025-04-19 13:26:53,50.017797716666664,-4.002921266666666,2.799991109888,289.7,160.19688075207014,2.1518860771543586,4.739363488908791,100.0,80.0,50.01833333333333,-4.005,291.85188607715435,,
2025-04-19 13:26:54,50.01780671666667,-4.00294795,3.199989839872,307.4,158.05264893026745,-15.627701192199993,4.456497410234555,-100.0,100.0,50.01833333333333,-4.005,291.7722988078,,
2025-04-19 13:26:57,50.017838733333335,-4.002990333333333,3.599988569856,309.6,153.93083160527786,-18.641189771594384,2.155288044184133,-100.0,100.0,50.01833333333333,-4.005,290.95881022840564,,
2025-04-19 13:27:00,50.017853366666664,-4.0030647,3.8999876173440002,269.5,148.38126466493435,21.606065512562736,2.4589604136249967,100.0,20.0,50.01833333333333,-4.005,291.10606551256274,,
2025-04-19 13:27:03,50.01784455,-4.003133166666666,2.6999914273920003,269.4,144.19081137374448,22.770651342656436,5.067797723506845,100.0,20.0,50.01833333333333,-4.005,292.1706513426564,,
2025-04-19 13:27:06,50.017854883333335,-4.003176533333333,2.099993332416,307.4,140.8841701195171,-15.186551766561365,5.056783666835873,-100.0,100.0,50.01833333333333,-4.005,292.2134482334386,,
2025-04-19 13:27:09,50.01787963333334,-4.003208966666667,2.9999904748799997,309.6,137.70501232858678,-18.0829469596668,3.26972379095359,-100.0,100.0,50.01833333333333,-4.005,291.5170530403332,,
2025-04-19 13:27:13,50.01788845,-4.003300533333333,3.599988569856,253.0,131.26033422043858,39.16703020213646,4.605174138205134,100.0,20.0,50.01833333333333,-4.005,292.16703020213646,,
2025-04-19 13:27:16,50.01787038333333,-4.003365083333334,2.599991744896,253.6,127.79412968469201,40.183299762163216,8.084125479850766,100.0,20.0,50.01833333333333,-4.005,293.7832997621632,,
2025-04-19 13:27:19,50.01787186666667,-4.003413116666667,1.9999936499200002,292.3,124.5896890858876,2.0509691700837607,9.11297503717921,50.0,20.0,50.01833333333333,-4.005,294.3509691700838,,
2025-04-19 13:27:22,50.0178876,-4.003444216666667,1.799994284928,319.1,121.84279549446961,-25.06806340827808,8.23531585581162,-100.0,100.0,50.01833333333333,-4.005,294.03193659172194,,
2025-04-19 13:27:25,50.01791165,-4.00347505,2.9999904748799997,309.4,118.74830142582121,-16.11453559465724,6.481972968364782,-100.0,100.0,50.01833333333333,-4.005,293.28546440534274,,
2025-04-19 13:27:28,50.017923016666664,-4.003543283333333,3.699988252352,265.5,113.76762503751276,28.171740050065182,6.975853500956479,100.0,20.0,50.01833333333333,-4.005,293.6717400500652,,
2025-04-19 13:27:32,50.01791485,-4.003623933333333,2.199993014912,284.2,108.89479547694958,11.128642642726447,9.817042792164438,100.0,20.0,50.01833333333333,-4.005,295.32864264272644,,
2025-04-19 13:27:35,50.017929333333335,-4.003660733333334,1.8999939674239998,321.4,105.8263711906184,-26.250697660064702,9.210497535631994,-100.0,100.0,50.01833333333333,-4.005,295.1493023399353,,
2025-04-19 13:27:38,50.01795731666667,-4.0036844,2.9999904748799997,324.0,102.99158779213997,-30.019266746948404,6.8694776280168055,-100.0,20.0,50.01833333333333,-4.005,293.9807332530516,,
2025-04-19 13:27:41,50.0179775,-4.003731966666667,2.399992379904,286.6,98.9720240341295,6.992798569618003,5.932631347846755,100.0,20.0,50.01833333333333,-4.005,293.592798569618,,
2025-04-19 13:27:45,50.01798496666667,-4.003790183333333,1.8999939674239998,299.5,94.82761612219109,-5.360480901235633,6.5871936602126,-50.0,60.0,50.01833333333333,-4.005,294.13951909876437,,
2025-04-19 13:27:47,50.01799445,-4.003808516666667,2.299992697408,315.0,93.20019124903395,-21.12304456677083,6.048018472454927,-100.0,100.0,50.01833333333333,-4.005,293.87695543322917,,
2025-04-19 13:27:48,50.01800725,-4.00383195,3.099990157376,303.0,91.09288394466303,-9.515855958050565,5.2879417861863045,-100.0,80.0,50.01833333333333,-4.005,293.48414404194943,,
2025-04-19 13:27:50,50.01801505,-4.003871866666667,3.3999892048639997,275.9,88.12886801030562,17.806067060328644,5.45663604377475,100.0,20.0,50.01833333333333,-4.005,293.7060670603286,,
2025-04-19 13:27:52,50.01801416666667,-4.00390985,3.099990157376,262.3,85.68893762776206,32.19663154257586,6.485108880106747,100.0,20.0,50.01833333333333,-4.005,294.49663154257587,,
2025-04-19 13:27:53,50.01801341666667,-4.003943266666667,2.599991744896,276.1,83.55529747599958,19.128331081760507,7.387094973535138,100.0,20.0,50.01833333333333,-4.005,295.22833108176053,,
2025-04-19 13:27:55,50.018019816666666,-4.003970683333334,2.099993332416,302.4,81.4778535074667,-7.037120053425042,7.394009241632787,-50.0,80.0,50.01833333333333,-4.005,295.36287994657494,,
2025-04-19 13:27:57,50.018030466666666,-4.003989933333333,2.6999914273920003,316.9,79.72727956386973,-21.88315144104547,6.75550741308338,-100.0,100.0,50.01833333333333,-4.005,295.0168485589545,,
2025-04-19 13:27:58,50.01804625,-4.004016783333333,3.3999892048639997,304.9,77.24786420366202,-10.461716343628893,5.7678747958894006,-100.0,100.0,50.01833333333333,-4.005,294.4382836563711,,
2025-04-19 13:28:00,50.018056216666665,-4.0040583666666665,3.49998888736,276.1,74.08129634587668,18.50875286004276,5.751225054109374,100.0,20.0,50.01833333333333,-4.005,294.6087528600428,,
2025-04-19 13:28:02,50.01805635,-4.004102016666667,3.199989839872,267.9,71.24812139481618,27.74346216489664,6.813118252081346,100.0,20.0,50.01833333333333,-4.005,295.6434621648966,,
2025-04-19 13:28:03,50.01805785,-4.0041304166666665,2.4999920624,283.1,69.34837555880613,13.145416056322688,7.356329951173751,100.0,20.0,50.01833333333333,-4.005,296.2454160563227,,
2025-04-19 13:28:05,50.018065183333334,-4.004158433333333,2.199993014912,304.8,67.1901712937452,-8.423278159124209,7.280496684021347,-50.0,100.0,50.01833333333333,-4.005,296.3767218408758,,
2025-04-19 13:28:07,50.0180789,-4.004178083333334,2.799991109888,320.5,65.2568380230171,-24.77613315941943,6.33137962852034,-100.0,100.0,50.01833333333333,-4.005,295.72386684058057,,
2025-04-19 13:28:09,50.01810123333333,-4.004225766666667,3.49998888736,291.7,61.10981344652731,3.3118119991786443,5.17272872645166,100.0,20.0,50.01833333333333,-4.005,295.01181199917863,3.32,2.7
2025-04-19 13:28:11,50.01810673333333,-4.004264583333334,3.099990157376,276.8,58.33813601797486,18.819798339016643,5.554667074520058,100.0,20.0,50.01833333333333,-4.005,295.61979833901665,,
2025-04-19 13:28:14,50.01811981666667,-4.004315283333334,2.099993332416,315.2,54.439057216744956,-19.312034746297456,5.437013734522484,-100.0,100.0,50.01833333333333,-4.005,295.88796525370253,,
2025-04-19 13:28:17,50.01814603333333,-4.004348133333333,2.9999904748799997,311.3,51.07599565065851,-17.206809055621363,3.506953179796046,-100.0,100.0,50.01833333333333,-4.005,294.09319094437865,,
2025-04-19 13:28:21,50.018160716666664,-4.004440883333333,3.7999879348479997,259.7,44.36916085634334,35.96368948928324,4.258488254960771,100.0,20.0,50.01833333333333,-4.005,295.66368948928323,,
2025-04-19 13:28:24,50.018144766666666,-4.004504883333333,2.599991744896,257.1,41.16815367189703,43.55655585586476,7.502687277368469,100.0,20.0,50.01833333333333,-4.005,300.6565558558648,,
2025-04-19 13:28:25,50.018144766666666,-4.00453175,2.099993332416,282.3,39.52716782126823,19.77702140557119,8.16486096027704,100.0,20.0,50.01833333333333,-4.005,302.0770214055712,,
2025-04-19 13:28:27,50.01814976666667,-4.004553483333333,2.099993332416,298.2,37.91602011390504,4.411838072473699,8.178003324419079,100.0,20.0,50.01833333333333,-4.005,302.6118380724737,,
2025-04-19 13:28:29,50.01816048333333,-4.0045714,1.799994284928,324.3,36.19494390019881,-22.185572724657845,7.499672454789931,-100.0,20.0,50.01833333333333,-4.005,302.11442727534217,,
2025-04-19 13:28:32,50.018183416666666,-4.0045878833333335,1.8999939674239998,331.9,33.87398637902003,-32.38371453564548,5.509344249168136,-100.0,20.0,50.01833333333333,-4.005,299.5162854643545,,
2025-04-19 13:28:35,50.018200916666665,-4.004616583333333,1.799994284928,294.7,31.135312097284075,3.5576684403124545,4.3879122472344525,100.0,20.0,50.01833333333333,-4.005,298.25766844031244,,
2025-04-19 13:28:37,50.01820443333333,-4.004636633333333,1.799994284928,280.0,29.688633084659063,18.902539875865727,4.514577890384102,100.0,20.0,50.01833333333333,-4.005,298.9025398758657,,
2025-04-19 13:28:38,50.01820775,-4.004657516666667,1.8999939674239998,290.6,28.205323341150695,9.11252836683417,4.6826828902423285,100.0,20.0,50.01833333333333,-4.005,299.7125283668342,,
2025-04-19 13:28:40,50.018215966666666,-4.004677083333333,1.799994284928,314.2,26.536608302941893,-14.704970504853804,4.306274905446774,-100.0,100.0,50.01833333333333,-4.005,299.4950294951462,,
2025-04-19 13:28:43,50.01824068333333,-4.004703066666667,2.799991109888,316.1,23.610699905333664,-20.198389364570858,2.3637274645048527,-100.0,100.0,50.01833333333333,-4.005,295.90161063542917,,
2025-04-19 13:28:46,50.01825925,-4.004765466666667,3.49998888736,276.0,18.693108003990822,20.178920330830806,1.961418829958197,100.0,20.0,50.01833333333333,-4.005,296.1789203308308,,
2025-04-19 13:28:49,50.01825661666667,-4.004833916666667,2.6999914273920003,273.5,14.630652129820096,32.2119844017916,3.9236724594198513,100.0,20.0,50.01833333333333,-4.005,305.7119844017916,,
2025-04-19 13:28:52,50.018269266666664,-4.004877033333333,1.8999939674239998,315.8,11.32362321823729,-6.762950657844556,3.66439961244469,-50.0,20.0,50.01833333333333,-4.005,309.03704934215546,,
2025-04-19 13:28:54,50.01828016666666,-4.004889016666667,1.799994284928,329.8,9.901823764790729,-23.09340869083985,2.8206731094733564,-100.0,20.0,50.01833333333333,-4.005,306.70659130916016,,
2025-04-19 13:28:56,50.018299033333335,-4.004906916666667,1.4999952374399999,326.4,50.21925878504565,69.02023989360293,-7.443584021570636,100.0,100.0,50.01866666666667,-4.0045,35.42023989360291,1.62,0.2
2025-04-19 13:28:58,50.018311116666666,-4.004919433333333,2.299992697408,330.3,49.66491235392975,66.86155247708672,-5.865513308646849,100.0,100.0,50.01866666666667,-4.0045,37.16155247708673,,
2025-04-19 13:29:00,50.01833258333333,-4.00492735,2.899990792384,4.7,48.13986963920285,34.71728464616773,-3.7994724021975266,100.0,100.0,50.01866666666667,-4.0045,39.41728464616773,,
2025-04-19 13:29:04,50.01837998333333,-4.00487585,3.599988569856,63.0,41.72757638873053,-22.889756171904025,-2.790056487832109,-100.0,100.0,50.01866666666667,-4.0045,40.110243828095975,,
2025-04-19 13:29:05,50.01838788333333,-4.00483375,3.7999879348479997,77.5,39.15344894877529,-39.93166980456158,-4.347956049630535,-100.0,100.0,50.01866666666667,-4.0045,37.56833019543842,3.7,355.5
2025-04-19 13:29:07,50.01839793333333,-4.004792666666667,3.9999872998400003,60.3,36.512182057744596,-25.31715810033573,-5.687406334027458,-100.0,100.0,50.01866666666667,-4.0045,34.982841899664265,,
2025-04-19 13:29:10,50.018435616666665,-4.004744533333334,3.8999876173440002,23.9,31.104094317086584,10.31702218039576,-5.255228687135679,0.0,100.0,50.01866666666667,-4.0045,34.21702218039576,,
2025-04-19 13:29:12,50.018470566666664,-4.0047355,4.699985077312,1.1,27.57317714664953,36.55501502834394,-3.0205226215718746,100.0,100.0,50.01866666666667,-4.0045,37.65501502834394,,
2025-04-19 13:29:13,50.01850158333333,-4.0047329666666664,4.699985077312,7.6,24.806933737083835,34.60024745838822,-0.7549160686958897,100.0,100.0,50.01866666666667,-4.0045,42.20024745838822,,
2025-04-19 13:29:15,50.01853126666666,-4.004715683333333,3.9999872998400003,31.0,21.56811723224248,14.665921223758403,0.6480518835590687,100.0,100.0,50.01866666666667,-4.0045,45.6659212237584,,
2025-04-19 13:29:17,50.018563033333336,-4.0046575,3.699988252352,70.8,16.124533638880365,-26.48072195178581,0.10557666475355122,-50.0,60.0,50.01866666666667,-4.0045,44.31927804821419,3.83,356.8
2025-04-19 13:29:19,50.018568566666666,-4.004620533333333,3.699988252352,80.0,13.913466118594695,-41.709898154202676,-1.3707799451156897,-100.0,60.0,50.01866666666667,-4.0045,38.290101845797324,,
2025-04-19 13:29:23,50.01860263333333,-4.004527933333334,3.7999879348479997,34.2,7.402877630762911,-18.542077896970298,-3.5080636416275466,-100.0,20.0,50.01866666666667,-4.0045,15.657922103029705,,
2025-04-19 13:29:26,50.01863993333333,-4.0045017666666665,2.4999920624,16.8,53.633937773230905,-58.43988747637832,2.1561595723434204,-100.0,20.0,50.019,-4.005,318.3601125236217,,
2025-04-19 13:29:27,50.018657383333334,-4.004493916666667,2.299992697408,12.7,52.583120020360006,-56.20381829719719,0.4038507479696341,-100.0,20.0,50.019,-4.005,316.4961817028028,,
2025-04-19 13:29:29,50.01867325,-4.00449275,2.099993332416,354.4,51.375299641875614,-39.32749193826152,-0.8819482324851332,-100.0,20.0,50.019,-4.005,315.07250806173846,,
2025-04-19 13:29:32,50.01869798333333,-4.004509016666667,1.8999939674239998,319.7,48.61719568047689,-5.948317461150111,-1.9548779559091847,-100.0,40.0,50.019,-4.005,313.7516825388499,,
2025-04-19 13:29:33,50.01870745,-4.0045283,2.299992697408,295.6,46.89252268091485,18.386990433684446,-1.693083103559691,100.0,20.0,50.019,-4.005,313.98699043368447,2.1,4.0
2025-04-19 13:29:35,50.01871295,-4.004553233333334,2.299992697408,286.5,45.19120457676684,28.4988311307348,-0.833880981042936,100.0,20.0,50.019,-4.005,314.9988311307348,,
2025-04-19 13:29:37,50.01871918333333,-4.004577133333333,2.199993014912,299.5,43.49766790650413,16.444753407122448,-0.08454686200955233,100.0,20.0,50.019,-4.005,315.94475340712245,,
2025-04-19 13:29:38,50.0187309,-4.004596583333333,1.8999939674239998,325.9,41.593043312197686,-9.82733081448174,0.01201681284615904,-100.0,20.0,50.019,-4.005,316.07266918551824,1.99,356.1
2025-04-19 13:29:40,50.018742966666665,-4.0046063,1.8999939674239998,335.5,40.14576563551111,-20.04293012093177,-0.4197301075893509,-100.0,20.0,50.019,-4.005,315.45706987906823,,
2025-04-19 13:29:42,50.018757,-4.00461935,1.9999936499200002,321.0,38.380027445486334,-6.18563869151194,-0.8317351216317441,-100.0,40.0,50.019,-4.005,314.81436130848806,,
2025-04-19 13:29:44,50.01876706666667,-4.0046401666666664,2.299992697408,294.6,36.53483691536811,20.61342397250786,-0.5373232056450521,100.0,20.0,50.019,-4.005,315.2134239725079,,
2025-04-19 13:29:45,50.018772416666664,-4.0046667,2.399992379904,284.5,34.78753991446892,32.241058066002495,0.41586756100964584,100.0,20.0,50.019,-4.005,316.7410580660025,2.33,3.2
2025-04-19 13:29:47,50.018778266666665,-4.0046911666666665,2.199993014912,298.0,33.124350491136184,20.173741939149068,1.2239982286283295,100.0,20.0,50.019,-4.005,318.17374193914907,,
2025-04-19 13:29:49,50.018789283333334,-4.004711366666666,1.8999939674239998,325.6,31.24804026216013,-6.951702532833906,1.4132630316647619,-100.0,20.0,50.019,-4.005,318.6482974671661,,
2025-04-19 13:29:50,50.018801483333334,-4.004721433333334,1.8999939674239998,334.5,29.754984937138683,-16.53869610192919,0.9892412049621042,-100.0,20.0,50.019,-4.005,317.9613038980708,,
2025-04-19 13:29:52,50.01881325,-4.004732883333333,1.8999939674239998,319.2,28.2350254468315,-1.7843212160151438,0.6699373192387378,-50.0,20.0,50.019,-4.005,317.41567878398484,,
2025-04-19 13:29:56,50.01883156666667,-4.004775783333334,1.799994284928,292.4,24.673051207276703,27.05854575680536,1.4643344863048733,100.0,20.0,50.019,-4.005,319.45854575680534,,
2025-04-19 13:29:59,50.01883985,-4.004812516666667,1.8999939674239998,296.5,22.30830536930869,26.549655092931744,2.7162288878797316,100.0,20.0,50.019,-4.005,323.04965509293174,,
2025-04-19 13:30:02,50.0188583,-4.004838483333334,1.799994284928,338.7,19.552084027109313,-14.918708974243714,2.6282486506317646,-100.0,20.0,50.019,-4.005,323.7812910257563,,
2025-04-19 13:30:06,50.0188895,-4.00484975,1.799994284928,332.3,16.334166276669105,-13.442750589484888,0.7982597141582192,-100.0,20.0,50.019,-4.005,318.8572494105151,,
2025-04-19 13:30:07,50.01890051666667,-4.0048623333333335,1.799994284928,312.1,14.819010447965653,6.258177464844437,0.5952614103339668,100.0,20.0,50.019,-4.005,318.35817746484446,,
2025-04-19 13:30:09,50.01890745,-4.0048792833333335,1.799994284928,299.7,13.442383690292726,20.334244815206773,0.9325905155170755,100.0,20.0,50.019,-4.005,320.03424481520676,,
2025-04-19 13:30:12,50.018923533333336,-4.004906233333333,1.799994284928,329.2,10.836942964557986,-7.434626941401234,1.0780797858262035,-100.0,20.0,50.019,-4.005,321.76537305859875,,
2025-04-19 13:30:15,50.01894718333333,-4.004918233333333,1.8999939674239998,339.1,8.292985647775863,-23.948340697669096,-0.13089742621036676,-100.0,20.0,50.019,-4.005,315.1516593023309,,
2025-04-19 13:30:19,50.01897075,-4.004947283333333,1.399995554944,315.6,51.503977885244026,82.80115116564997,-4.97451347698798,100.0,20.0,50.019333333333336,-4.0045,38.40115116564999,,
2025-04-19 13:30:22,50.01898621666667,-4.004968333333333,1.599994919936,331.8,51.139421694169215,69.12216144949531,-2.6956189411768974,100.0,100.0,50.019333333333336,-4.0045,40.92216144949532,,
2025-04-19 13:30:23,50.018999816666664,-4.004975,2.399992379904,354.0,50.32599630493382,48.461569013848134,-1.301673658638014,100.0,100.0,50.019333333333336,-4.0045,42.461569013848134,1.98,354.9
2025-04-19 13:30:25,50.019018116666665,-4.004968683333333,2.899990792384,24.5,48.529304242372056,19.19184575320685,-0.21329766187780022,100.0,100.0,50.019333333333336,-4.0045,43.69184575320685,,
2025-04-19 13:30:28,50.0190449,-4.00492195,3.3999892048639997,70.3,44.06588089970207,-27.072830662822,-0.5510547240285345,-100.0,100.0,50.019333333333336,-4.0045,43.227169337178,,
2025-04-19 13:30:31,50.019054233333335,-4.004852733333333,3.699988252352,71.0,40.02294788914258,-31.921942604789933,-3.3947374344014807,-100.0,100.0,50.019333333333336,-4.0045,39.07805739521007,,
2025-04-19 13:30:32,50.01906768333333,-4.004813033333333,3.9999872998400003,51.1,37.092055007298285,-13.969390460355648,-4.400283554659161,-100.0,100.0,50.019333333333336,-4.0045,37.130609539644354,,
2025-04-19 13:30:34,50.01909333333333,-4.004783766666667,3.7999879348479997,27.4,33.552032208140155,9.823948153698474,-3.9260503228090484,100.0,100.0,50.019333333333336,-4.0045,37.22394815369847,,
2025-04-19 13:30:36,50.01912405,-4.0047685,3.8999876173440002,13.1,30.192519838627657,26.39982685175911,-2.3394075543466464,100.0,100.0,50.019333333333336,-4.0045,39.49982685175911,,
2025-04-19 13:30:39,50.019167716666665,-4.004724216666666,3.599988569856,59.2,24.435550309079428,-18.18085808742758,-1.2467398544846302,50.0,100.0,50.019333333333336,-4.0045,41.01914191257242,,
2025-04-19 13:30:42,50.0191804,-4.0046438,3.9999872998400003,93.9,19.89027111507053,-62.76146485421063,-4.408437791004475,-100.0,100.0,50.019333333333336,-4.0045,31.138535145789376,,
2025-04-19 13:30:45,50.01917585,-4.00455735,3.9999872998400003,83.6,18.004480323312478,-70.43046873636942,-9.212141470649819,-100.0,100.0,50.019333333333336,-4.0045,13.169531263630574,,
2025-04-19 13:30:49,50.01921363333334,-4.004463533333333,3.7999879348479997,29.0,13.577828703828253,-40.075424705981334,-11.124953701558738,-100.0,20.0,50.019333333333336,-4.0045,348.92457529401867,,
2025-04-19 13:30:53,50.01926645,-4.004446483333333,2.299992697408,348.9,8.371773365939774,-16.10856794762708,-7.922913752193728,-100.0,20.0,50.019333333333336,-4.0045,332.7914320523729,,
2025-04-19 13:30:57,50.019298533333334,-4.004470616666667,1.599994919936,329.3,55.79533457517942,-12.036717210464985,1.1750641801263102,-100.0,20.0,50.019666666666666,-4.005,317.263282789535,,
2025-04-19 13:30:58,50.019309783333334,-4.0044811,1.599994919936,326.9,54.367477445291925,-9.951982059850195,0.8458917089340076,-100.0,20.0,50.019666666666666,-4.005,316.9480179401498,,
2025-04-19 13:31:00,50.01931896666667,-4.004494033333334,1.6999946024319998,307.2,52.98895379069986,9.724335215158078,0.8025456599944863,100.0,20.0,50.019666666666666,-4.005,316.92433521515807,1.67,3.3
2025-04-19 13:31:02,50.01932516666667,-4.004510933333333,1.799994284928,295.0,51.66088967818095,22.380816582700447,1.1939476073135389,100.0,20.0,50.019666666666666,-4.005,317.38081658270045,,
2025-04-19 13:31:06,50.01934708333334,-4.00454875,1.6999946024319998,338.9,48.03520880513974,-21.115539023470603,1.4484447067872805,-100.0,20.0,50.019666666666666,-4.005,317.7844609765294,,
2025-04-19 13:31:09,50.01937173333334,-4.004555916666667,1.8999939674239998,347.4,45.68196225979249,-31.452211038401174,-0.0866920981214952,-100.0,20.0,50.019666666666666,-4.005,315.9477889615988,,
2025-04-19 13:31:13,50.019398366666664,-4.00458675,1.799994284928,297.6,42.02040329156061,17.698101298278914,-0.5562027671274159,100.0,20.0,50.019666666666666,-4.005,315.29810129827894,,
2025-04-19 13:31:17,50.019410533333335,-4.004634566666667,1.799994284928,307.9,38.68021203832884,9.588276389128055,0.9664881421532745,100.0,20.0,50.019666666666666,-4.005,317.48827638912803,,
2025-04-19 13:31:21,50.01943883333333,-4.004656083333333,1.799994284928,359.2,35.33200292641093,-43.32444630292514,-0.11158388836686897,-100.0,20.0,50.019666666666666,-4.005,315.87555369707485,,
2025-04-19 13:31:24,50.01946073333333,-4.004647983333333,1.8999939674239998,10.8,34.05100517720443,-58.4824791048585,-2.220519381598304,-100.0,20.0,50.019666666666666,-4.005,312.3175208951415,,
2025-04-19 13:31:25,50.01947441666667,-4.004648433333333,1.799994284928,349.4,33.02019601794288,-38.99957837364025,-3.2543870259117735,-100.0,20.0,50.019666666666666,-4.005,310.40042162635973,1.78,3.1
2025-04-19 13:31:27,50.019486566666664,-4.004655016666667,1.799994284928,328.6,31.79325924228771,-19.50590332265307,-3.8539358420733505,-100.0,20.0,50.019666666666666,-4.005,309.09409667734695,,
2025-04-19 13:31:31,50.01950493333333,-4.004695916666667,1.799994284928,280.7,28.234701976469395,28.917490099316353,-3.166407421141949,100.0,20.0,50.019666666666666,-4.005,309.61749009931634,,
2025-04-19 13:31:32,50.019505466666665,-4.0047161,1.799994284928,266.3,27.098914110560703,45.16742115292999,-2.1681607877476092,100.0,20.0,50.019666666666666,-4.005,311.46742115293,1.8,4.6
2025-04-19 13:31:34,50.01950551666667,-4.0047375333333335,1.8999939674239998,276.5,25.966164302149082,37.198787391279666,-1.0682011484072702,100.0,20.0,50.019666666666666,-4.005,313.69878739127967,,
2025-04-19 13:31:36,50.01951088333333,-4.004759966666667,1.799994284928,302.7,24.402743902706774,12.587621986902093,-0.32745579581898104,100.0,20.0,50.019666666666666,-4.005,315.2876219869021,,
2025-04-19 13:31:37,50.01951975,-4.0047753833333335,1.799994284928,324.2,22.92569046169564,-8.689467395352438,-0.21844692023568887,-100.0,20.0,50.019666666666666,-4.005,315.51053260464755,1.79,354.0
2025-04-19 13:31:39,50.01953136666667,-4.004784016666667,1.799994284928,337.4,21.575468286218815,-23.126292211399516,-0.6712200065337437,-100.0,20.0,50.019666666666666,-4.005,314.27370778860046,,
2025-04-19 13:31:41,50.01954273333333,-4.004793566666667,1.799994284928,322.1,20.20762709476368,-9.043187834001685,-1.0574719280429596,-100.0,20.0,50.019666666666666,-4.005,313.05681216599834,,
2025-04-19 13:31:42,50.019552266666665,-4.004809016666667,1.8999939674239998,305.6,18.67565096702304,7.392465871834304,-0.9982466333619509,100.0,20.0,50.019666666666666,-4.005,312.9924658718343,,
2025-04-19 13:31:44,50.01955796666667,-4.004829816666667,1.799994284928,288.2,17.16360274528769,26.630026827777954,-0.3673684945872612,100.0,20.0,50.019666666666666,-4.005,314.83002682777794,,
2025-04-19 13:31:47,50.01957048333333,-4.004860983333334,1.799994284928,319.4,14.61197273929063,-2.281609586082368,0.27080551419238863,-50.0,20.0,50.019666666666666,-4.005,317.1183904139176,,
2025-04-19 13:31:48,50.0195815,-4.0048715,1.6999946024319998,337.2,13.204507492129359,-21.311136169952817,-0.038625192256375014,-100.0,20.0,50.019666666666666,-4.005,315.88886383004717,1.76,354.5
2025-04-19 13:31:50,50.019593533333335,-4.004879383333333,1.8999939674239998,334.2,11.86198698029409,-20.86013852706776,-0.5622111308498006,-100.0,20.0,50.019666666666666,-4.005,313.3398614729322,,
2025-04-19 13:31:53,50.0196109,-4.0049045,1.799994284928,301.2,9.230198627911475,11.065449761351147,-0.6102780367792708,100.0,20.0,50.019666666666666,-4.005,312.26544976135114,,
2025-04-19 13:31:56,50.01961768333334,-4.00493625,1.4999952374399999,283.4,52.77229891920294,112.84733393718943,-7.067097242808245,-100.0,20.0,50.02,-4.0045,36.24733393718941,,
2025-04-19 13:31:57,50.01962018333333,-4.0049533833333335,1.599994919936,279.4,53.28491882110679,118.08705460706483,-5.991604093876654,-100.0,20.0,50.02,-4.0045,37.487054607064806,,
2025-04-19 13:31:59,50.019620333333336,-4.0049753,1.6999946024319998,260.4,54.24018255938007,138.41184203004786,-4.851306688053147,-100.0,20.0,50.02,-4.0045,38.81184203004784,,
2025-04-19 13:32:02,50.019609966666664,-4.005005016666667,1.799994284928,225.9,56.4792937896848,173.8582643133196,-4.121722349231866,-100.0,20.0,50.02,-4.0045,39.758264313319614,,
2025-04-19 13:32:04,50.01958988333333,-4.005020766666667,1.799994284928,190.5,58.9211301417141,-151.29000525747,-4.862035869775669,100.0,20.0,50.02,-4.0045,39.20999474253,,
2025-04-19 13:32:06,50.019577016666666,-4.005020666666667,1.799994284928,177.0,60.03332449655392,-138.6594947034681,-5.861137247114845,100.0,20.0,50.02,-4.0045,38.34050529653189,,
2025-04-19 13:32:08,50.0195617,-4.00502265,1.6999946024319998,197.9,61.4659418629058,-160.44175075736896,-6.942209571082964,100.0,20.0,50.02,-4.0045,37.45824924263104,,
2025-04-19 13:32:11,50.01954295,-4.00504255,1.6999946024319998,235.9,63.98860298860847,161.43326677458927,-7.365797654697389,-100.0,20.0,50.02,-4.0045,37.333266774589276,,
2025-04-19 13:32:15,50.01952805,-4.005086633333334,1.799994284928,230.2,67.23639289433959,168.4125908146495,-6.246529445160594,-100.0,20.0,50.02,-4.0045,38.61259081464948,,
2025-04-19 13:32:16,50.019517183333335,-4.005100633333333,1.799994284928,205.8,68.80651597514533,-167.16447957306394,-6.364979608237161,100.0,20.0,50.02,-4.0045,38.63552042693607,1.82,4.2
2025-04-19 13:32:18,50.019504733333335,-4.0051074,1.799994284928,196.8,70.19298830695362,-158.56222056559324,-6.978259620373062,100.0,20.0,50.02,-4.0045,38.237779434406775,,
2025-04-19 13:32:21,50.01948465,-4.0051251,1.799994284928,224.6,72.73359690984543,173.33107064454853,-7.618148002479399,-100.0,20.0,50.02,-4.0045,37.93107064454853,,
2025-04-19 13:32:24,50.01947191666667,-4.00515675,1.8999939674239998,236.2,75.24876191806145,162.4271762730831,-6.97182211152833,-100.0,20.0,50.02,-4.0045,38.62717627308308,,
2025-04-19 13:32:25,50.019462266666665,-4.0051722,1.799994284928,212.8,76.77806349385357,-174.029017285377,-6.921609542529036,100.0,20.0,50.02,-4.0045,38.77098271462302,,
2025-04-19 13:32:27,50.01944888333333,-4.0051821,1.8999939674239998,201.9,78.38396149869024,-163.40742348285815,-7.44562276486053,100.0,20.0,50.02,-4.0045,38.492576517141856,,
2025-04-19 13:32:29,50.01943506666667,-4.005194116666667,1.799994284928,219.0,80.12325824101643,179.28905884981032,-7.894102549739451,0.0,20.0,50.02,-4.0045,38.28905884981032,,
2025-04-19 13:32:32,50.0194215,-4.005220866666667,1.4999952374399999,240.0,82.49612160197897,158.68212113608092,-7.564502095306568,-100.0,20.0,50.02,-4.0045,38.68212113608092,,
2025-04-19 13:32:33,50.019415783333336,-4.0052367,1.6999946024319998,239.1,83.70211319089843,159.91500563199762,-7.1906974130446235,-100.0,20.0,50.02,-4.0045,39.01500563199761,,
2025-04-19 13:32:35,50.01940618333333,-4.0052536,1.799994284928,219.1,85.29382422671493,-179.90601773602035,-7.061947235993635,0.0,20.0,50.02,-4.0045,39.19398226397965,,
2025-04-19 13:32:38,50.01938738333333,-4.00526805,1.4999952374399999,199.0,87.57047446172447,-160.14726001245225,-7.770073212198184,100.0,20.0,50.02,-4.0045,38.85273998754775,,
2025-04-19 13:32:40,50.019368066666665,-4.005279833333334,1.6999946024319998,211.0,89.77644717949079,-172.58928841001972,-8.655445266081939,100.0,20.0,50.02,-4.0045,38.41071158998028,,
2025-04-19 13:32:42,50.0193582,-4.0052935666666665,1.6999946024319998,236.5,91.24742401351429,161.96551835175615,-8.710378675111947,-100.0,20.0,50.02,-4.0045,38.465518351756145,1.69,355.2
2025-04-19 13:32:44,50.01935306666667,-4.00531065,1.6999946024319998,249.4,92.45688301684392,149.43811510848818,-8.227136342065455,-100.0,20.0,50.02,-4.0045,38.83811510848818,,
2025-04-19 13:32:48,50.01933343333334,-4.005350466666667,1.799994284928,206.5,95.94901363538636,-167.15571239626786,-7.693252272446708,100.0,20.0,50.02,-4.0045,39.34428760373214,,
2025-04-19 13:32:52,50.01930278333333,-4.0053694,1.799994284928,215.8,99.4524511527195,-177.09857076257407,-9.085900026261891,50.0,20.0,50.02,-4.0045,38.70142923742594,,
2025-04-19 13:32:54,50.01928875,-4.005397083333333,1.6999946024319998,244.0,101.91125691947933,155.0210330848663,-8.7442828882867,-100.0,20.0,50.02,-4.0045,39.0210330848663,,
2025-04-19 13:32:56,50.01928401666667,-4.005414733333334,1.799994284928,248.5,103.11750193473911,150.8816618338633,-8.200957139269473,-100.0,20.0,50.02,-4.0045,39.38166183386329,,
2025-04-19 13:32:58,50.01927675,-4.005435566666667,1.8999939674239998,233.2,104.69015472389171,166.5311067819702,-7.6893897671134805,-100.0,20.0,50.02,-4.0045,39.7311067819702,,
2025-04-19 13:33:01,50.019257333333336,-4.005455733333333,1.799994284928,197.8,107.27476042869658,-158.21432077475697,-8.150744569887891,100.0,20.0,50.02,-4.0045,39.58567922524304,,
2025-04-19 13:33:02,50.01924438333333,-4.0054584,1.799994284928,181.6,108.51003907709527,-142.42176422652884,-9.013799926830034,100.0,20.0,50.02,-4.0045,39.17823577347116,1.81,3.8
2025-04-19 13:33:04,50.01923015,-4.005460916666666,1.8999939674239998,194.2,109.85537255968683,-155.47104558523853,-9.983717930564216,100.0,20.0,50.02,-4.0045,38.72895441476146,,
2025-04-19 13:33:07,50.0192112,-4.005481,1.799994284928,231.4,112.39992117645974,167.22741642493256,-10.413314355972252,-100.0,20.0,50.02,-4.0045,38.62741642493256,,
2025-04-19 13:33:09,50.019201933333335,-4.005512733333333,1.799994284928,243.1,114.62826951871801,156.09183789922199,-9.494896423041352,-100.0,20.0,50.02,-4.0045,39.19183789922198,,
2025-04-19 13:33:11,50.019193783333336,-4.00552885,1.799994284928,223.2,116.06031745717671,176.1498608035493,-9.294475313315223,-100.0,20.0,50.02,-4.0045,39.34986080354929,,
2025-04-19 13:33:13,50.01918096666667,-4.005541616666667,1.6999946024319998,197.8,117.7427578977307,-158.54674441902,-9.627079938642535,100.0,20.0,50.02,-4.0045,39.25325558098001,,
2025-04-19 13:33:14,50.019168,-4.005545183333333,1.799994284928,185.3,119.024070656401,-146.3913165512232,-10.445072733068876,100.0,20.0,50.02,-4.0045,38.9086834487768,,
2025-04-19 13:33:17,50.01914706666667,-4.005553483333333,1.799994284928,207.4,121.21438981851809,-168.96478856398798,-11.634724373046023,100.0,20.0,50.02,-4.0045,38.435211436012025,,
2025-04-19 13:33:19,50.01913543333333,-4.005569,1.6999946024319998,235.8,122.91872333946482,162.66518923414236,-11.734291177204787,-100.0,20.0,50.02,-4.0045,38.46518923414237,,
2025-04-19 13:33:22,50.01912468333333,-4.005603166666667,1.799994284928,238.1,125.38130992773425,160.89941253672075,-10.805144062978101,-100.0,20.0,50.02,-4.0045,38.99941253672074,,
2025-04-19 13:33:26,50.01909941666667,-4.00563195,1.799994284928,193.4,128.86290471725442,-154.47622870781473,-11.274653043186635,100.0,20.0,50.02,-4.0045,38.92377129218528,,
2025-04-19 13:33:27,50.0190857,-4.00563365,1.8999939674239998,178.3,130.13010105146554,-139.75697949532338,-12.246716883710786,100.0,20.0,50.02,-4.0045,38.54302050467663,1.84,4.7
2025-04-19 13:33:29,50.01907195,-4.00563465,1.8999939674239998,189.1,131.37491499718686,-150.94853698518952,-13.257405777159876,100.0,20.0,50.02,-4.0045,38.151463014810474,,
2025-04-19 13:33:33,50.019045733333336,-4.005665433333333,1.6999946024319998,246.7,135.0300857838644,151.42115778949045,-13.697302216561441,-100.0,20.0,50.02,-4.0045,38.12115778949044,,
2025-04-19 13:33:36,50.01904068333333,-4.005699316666667,1.799994284928,252.8,136.9773463484749,145.97350121101732,-12.34242118237573,-100.0,20.0,50.02,-4.0045,38.77350121101733,,
2025-04-19 13:33:37,50.01903485,-4.005718083333333,1.8999939674239998,236.5,138.32570260442404,162.5385174311046,-11.826562137831445,-100.0,20.0,50.02,-4.0045,39.038517431104594,1.82,3.2
2025-04-19 13:33:39,50.0190253,-4.005732916666667,1.799994284928,213.1,139.81977064211532,-173.99818336572147,-11.80038293458947,100.0,20.0,50.02,-4.0045,39.10181663427852,,
2025-04-19 13:33:43,50.01899718333333,-4.0057562,1.8999939674239998,219.9,143.30065555942684,178.92924445608995,-12.773305109458793,0.0,20.0,50.02,-4.0045,38.82924445608995,,
2025-04-19 13:33:44,50.01898858333333,-4.005772416666667,1.599994919936,239.9,144.77403704072347,159.04928263224312,-12.602496540721258,-100.0,20.0,50.02,-4.0045,38.949282632243126,1.73,355.2
2025-04-19 13:33:46,50.01898273333333,-4.0057889,1.799994284928,239.9,146.02252844152935,159.24841352621567,-12.205516826832259,-100.0,20.0,50.02,-4.0045,39.14841352621568,,
2025-04-19 13:33:47,50.01897455,-4.0058046166666665,1.6999946024319998,220.7,147.43900856010035,178.5636932730236,-12.028270748733018,-50.0,20.0,50.02,-4.0045,39.26369327302359,,
2025-04-19 13:33:49,50.01896373333334,-4.005815866666667,1.6999946024319998,207.7,148.8806123624315,-168.4898298759054,-12.284483601930898,100.0,20.0,50.02,-4.0045,39.21017012409459,,
2025-04-19 13:33:51,50.018951783333335,-4.005823283333333,1.799994284928,200.3,150.24731937049023,-161.25377953568614,-12.825663514783008,100.0,20.0,50.02,-4.0045,39.046220464313876,,
2025-04-19 13:33:52,50.018939716666665,-4.005832416666666,1.8999939674239998,215.0,151.7024502682898,-176.0817541549161,-13.287447485041298,100.0,20.0,50.02,-4.0045,38.9182458450839,1.84,356.4
2025-04-19 13:33:54,50.01893095,-4.005847466666666,1.799994284928,236.8,153.13816125559418,162.2022196128072,-13.189597350175584,-100.0,20.0,50.02,-4.0045,39.00221961280721,,
2025-04-19 13:33:55,50.01892545,-4.005866216666667,1.799994284928,251.6,154.4593933559178,147.6458761775685,-12.648846604646321,-100.0,20.0,50.02,-4.0045,39.245876177568505,,
2025-04-19 13:33:57,50.01892028333334,-4.005885916666666,1.8999939674239998,241.8,155.79796024382574,157.71335828478095,-12.033420755749756,-100.0,20.0,50.02,-4.0045,39.51335828478096,,
2025-04-19 13:33:59,50.0189113,-4.005903283333334,1.799994284928,217.6,157.36012807455245,-177.96939783734743,-11.832999646388753,50.0,20.0,50.02,-4.0045,39.630602162652565,,
2025-04-19 13:34:00,50.0189002,-4.0059136833333335,1.799994284928,207.2,158.78640620542515,-167.6470666911223,-12.154875090286124,100.0,20.0,50.02,-4.0045,39.5529333088777,1.79,3.4
2025-04-19 13:34:03,50.018880083333336,-4.005933316666667,1.8999939674239998,223.9,161.40766271078837,175.5310755165576,-12.69777167166545,-100.0,20.0,50.02,-4.0045,39.4310755165576,,
2025-04-19 13:34:05,50.01887176666666,-4.005952766666667,1.799994284928,240.5,163.00708840445498,159.10206818798588,-12.338558676888956,-100.0,20.0,50.02,-4.0045,39.60206818798588,,
2025-04-19 13:34:08,50.01885371666667,-4.0059808666666665,1.799994284928,207.5,165.836678256608,-167.80544119438957,-12.285771103661048,100.0,20.0,50.02,-4.0045,39.69455880561043,,
2025-04-19 13:34:11,50.01883098333333,-4.0059924,1.8999939674239998,200.4,168.31367098702785,-161.03958588100338,-13.447956039619893,100.0,20.0,50.02,-4.0045,39.36041411899663,,
2025-04-19 13:34:15,50.01880808333333,-4.006029416666666,1.799994284928,251.5,171.96434314173368,148.00379196015297,-13.310622516770486,-100.0,20.0,50.02,-4.0045,39.50379196015297,,
2025-04-19 13:34:17,50.01880608333333,-4.0060651,1.8999939674239998,261.4,173.76934105768763,138.70640892630564,-11.627428529683492,-100.0,20.0,50.02,-4.0045,40.10640892630562,,
2025-04-19 13:34:19,50.01880153333333,-4.006084066666666,1.799994284928,240.0,175.0321356233374,160.33924146303934,-11.002131834263862,-100.0,20.0,50.02,-4.0045,40.33924146303934,,
2025-04-19 13:34:21,50.018791783333334,-4.0061024,1.799994284928,217.2,176.7085139214291,-176.76448809527488,-10.811152404040463,50.0,20.0,50.02,-4.0045,40.435511904725104,,
2025-04-19 13:34:24,50.018771533333336,-4.006117816666666,1.6999946024319998,204.8,179.14057085437136,-164.56368162980573,-11.581507632638283,100.0,20.0,50.02,-4.0045,40.23631837019428,,
2025-04-19 13:34:28,50.01874675,-4.00615245,1.799994284928,246.8,182.84682229571987,153.47044900184858,-11.712403646720144,-100.0,20.0,50.02,-4.0045,40.27044900184859,,
2025-04-19 13:34:31,50.0187415,-4.00619,1.8999939674239998,254.4,185.03640467795637,146.38800845040967,-10.184139039813136,-100.0,20.0,50.02,-4.0045,40.78800845040968,,
2025-04-19 13:34:33,50.01873436666666,-4.006211066666666,1.799994284928,229.8,186.62302122071054,171.17899489689148,-9.650254970480841,-100.0,20.0,50.02,-4.0045,40.97899489689149,,
2025-04-19 13:34:34,50.01872431666666,-4.0062252,1.8999939674239998,213.3,188.13057140213638,-172.3120237327683,-9.698750870651724,100.0,20.0,50.02,-4.0045,40.987976267231716,1.84,5.5
2025-04-19 13:34:36,50.018710416666664,-4.006233566666666,1.799994284928,198.2,189.69193191086882,-157.38213376981764,-10.341643423592286,100.0,20.0,50.02,-4.0045,40.81786623018235,,
2025-04-19 13:34:38,50.0186967,-4.006244033333333,1.799994284928,220.0,191.33734680079667,-179.31135969045664,-10.862223307801315,0.0,20.0,50.02,-4.0045,40.68864030954336,,
2025-04-19 13:34:40,50.01868751666667,-4.006260166666666,1.599994919936,233.6,192.86494773262078,167.1505793415291,-10.740768973648484,-100.0,20.0,50.02,-4.0045,40.75057934152909,,
2025-04-19 13:34:41,50.01868055,-4.0062758333333335,1.6999946024319998,233.4,194.18424029941409,167.45167638906983,-10.47211026996375,-100.0,20.0,50.02,-4.0045,40.85167638906984,1.67,358.4
2025-04-19 13:34:43,50.01867013333333,-4.006292216666667,1.799994284928,215.3,195.82790420689722,-174.41091175818343,-10.433056049597681,100.0,20.0,50.02,-4.0045,40.88908824181658,,
2025-04-19 13:34:45,50.01865665,-4.006301,1.799994284928,199.6,197.3744957662528,-158.85826454048518,-11.022302695334975,100.0,20.0,50.02,-4.0045,40.741735459514814,,
2025-04-19 13:34:48,50.018636783333335,-4.0063228833333335,1.799994284928,233.6,200.07182146884577,167.06799371658414,-11.430011590356422,-100.0,20.0,50.02,-4.0045,40.667993716584135,,
2025-04-19 13:34:51,50.01862641666666,-4.00635835,1.8999939674239998,243.9,202.6037139731253,157.09944608192964,-10.404301843291577,-100.0,20.0,50.02,-4.0045,40.99944608192965,,
2025-04-19 13:34:54,50.0186081,-4.0063865,1.799994284928,207.1,205.46361353059106,-166.04984492953426,-10.36953929498741,100.0,20.0,50.02,-4.0045,41.050155070465735,,
2025-04-19 13:34:57,50.01858345,-4.006397083333334,1.8999939674239998,199.5,208.0337559054125,-158.78894088208068,-11.72871200212889,100.0,20.0,50.02,-4.0045,40.71105911791932,,
2025-04-19 13:35:00,50.01856453333333,-4.006422466666667,1.799994284928,239.1,210.8141790936694,161.6117859084629,-11.882783048026274,-100.0,20.0,50.02,-4.0045,40.7117859084629,,
2025-04-19 13:35:03,50.01855695,-4.00645905,1.8999939674239998,246.4,213.16563276982134,154.69688859481565,-10.584552091687142,-100.0,20.0,50.02,-4.0045,41.09688859481565,,
2025-04-19 13:35:06,50.01853985,-4.0064872,1.799994284928,208.7,215.92385638650785,-167.53252620955823,-10.4558019137141,100.0,20.0,50.02,-4.0045,41.16747379044176,,
2025-04-19 13:35:09,50.0185164,-4.006499083333333,1.799994284928,206.3,218.4511409268057,-165.41540711172235,-11.655324400807137,100.0,20.0,50.02,-4.0045,40.884592888277666,,
2025-04-19 13:35:11,50.01850473333333,-4.006513216666667,1.799994284928,227.5,220.09471783062375,173.36225109980109,-11.828707973608566,-100.0,20.0,50.02,-4.0045,40.862251099801085,,
2025-04-19 13:35:12,50.018497483333334,-4.006531033333333,1.799994284928,242.0,221.53927018824479,158.97494016096203,-11.471211647093684,-100.0,20.0,50.02,-4.0045,40.974940160962035,1.81,356.4
2025-04-19 13:35:14,50.01848835,-4.0065515666666665,1.8999939674239998,225.6,223.2703909399701,175.4883936492213,-11.119294495442924,-100.0,100.0,50.02,-4.0045,41.0883936492213,,
2025-04-19 13:35:16,50.0184734,-4.006565116666667,2.599991744896,199.2,225.16198232425594,-158.20406083853243,-11.576357625603228,100.0,20.0,50.02,-4.0045,40.99593916146756,,
2025-04-19 13:35:18,50.018451733333336,-4.006570166666667,2.599991744896,183.7,227.2231270520751,-143.03429232243064,-12.99003457417298,100.0,20.0,50.02,-4.0045,40.665707677569344,,
2025-04-19 13:35:19,50.01843386666667,-4.006575183333333,2.399992379904,198.6,228.96788078718768,-158.19050781136386,-14.111877787532936,100.0,20.0,50.02,-4.0045,40.409492188636136,2.42,356.1
2025-04-19 13:35:21,50.01841926666667,-4.00658995,1.8999939674239998,225.5,230.8902330331528,174.84760871358378,-14.479244960641978,-100.0,20.0,50.02,-4.0045,40.34760871358378,,
2025-04-19 13:35:23,50.01840991666667,-4.00660945,1.9999936499200002,237.4,232.58682801993572,163.04345648365413,-14.197282071851713,-100.0,20.0,50.02,-4.0045,40.44345648365413,,
2025-04-19 13:35:26,50.01839016666667,-4.006639633333333,1.8999939674239998,205.3,235.6606296948779,-164.8038440273545,-14.168527865522906,100.0,20.0,50.02,-4.0045,40.49615597264551,,
2025-04-19 13:35:29,50.0183655,-4.0066506833333335,1.8999939674239998,204.7,238.26493526113902,-164.48812004891437,-15.50495470810261,100.0,20.0,50.02,-4.0045,40.21187995108562,,
2025-04-19 13:35:33,50.018345233333335,-4.006688933333334,1.6999946024319998,257.9,241.75499981807076,142.46181584871488,-15.100679150707366,-100.0,20.0,50.02,-4.0045,40.361815848714855,,
2025-04-19 13:35:35,50.01834445,-4.006710883333334,1.799994284928,272.8,242.84088824874124,127.83073404169244,-14.030765175723662,-100.0,20.0,50.02,-4.0045,40.63073404169245,,
2025-04-19 13:35:36,50.018344133333336,-4.006732066666666,1.8999939674239998,262.5,243.85690893746553,138.3955046482809,-12.964284538588114,-100.0,20.0,50.02,-4.0045,40.895504648280905,,
2025-04-19 13:35:38,50.01833905,-4.006755133333334,1.799994284928,236.4,245.366381480608,164.70020681214075,-12.169037608934907,-100.0,20.0,50.02,-4.0045,41.100206812140755,,
2025-04-19 13:35:40,50.018328933333336,-4.00677255,1.8999939674239998,218.9,247.034050293161,-177.75378209231067,-12.053591616346287,50.0,20.0,50.02,-4.0045,41.14621790768933,,
2025-04-19 13:35:42,50.018315466666664,-4.0067830833333336,1.6999946024319998,201.7,248.65901639412806,-160.6503430034274,-12.551425636451206,100.0,20.0,50.02,-4.0045,41.049656996572594,,
2025-04-19 13:35:43,50.01830341666667,-4.006791366666667,1.799994284928,210.1,250.06009090163337,-169.1498130497237,-13.05569716463883,100.0,20.0,50.02,-4.0045,40.950186950276304,,
2025-04-19 13:35:45,50.0182923,-4.0068065,1.799994284928,230.8,251.70419161806976,170.1516529125132,-13.135093107679259,-100.0,20.0,50.02,-4.0045,40.951652912513225,,
2025-04-19 13:35:47,50.0182854,-4.006826866666667,1.799994284928,247.3,253.23981998150444,153.78666816617442,-12.619234062768035,-100.0,20.0,50.02,-4.0045,41.086668166174434,,
2025-04-19 13:35:49,50.018271383333335,-4.006857083333333,1.799994284928,215.1,255.836999294245,-173.87818078272014,-12.145862576922793,100.0,20.0,50.02,-4.0045,41.22181921727986,,
2025-04-19 13:35:51,50.01825951666667,-4.006867216666667,1.8999939674239998,206.3,257.3084414306859,-165.15062941375606,-12.54069645469144,100.0,20.0,50.02,-4.0045,41.14937058624395,,
2025-04-19 13:35:53,50.01824668333333,-4.006880616666667,1.799994284928,223.2,259.01496124587374,177.90106459459957,-12.841971870265963,-50.0,20.0,50.02,-4.0045,41.10106459459956,,
2025-04-19 13:35:55,50.01823733333333,-4.0068996666666665,1.799994284928,239.7,260.6952699347693,161.47633697032074,-12.58318401342278,-100.0,20.0,50.02,-4.0045,41.17633697032073,,
2025-04-19 13:35:57,50.01822358333333,-4.006929816666666,1.799994284928,219.4,263.2679163869917,-178.08973916109008,-12.09264583719578,50.0,20.0,50.02,-4.0045,41.310260838909926,,
2025-04-19 13:35:59,50.01821246666667,-4.006941,1.799994284928,210.0,264.7256036030971,-168.7365115800194,-12.375467060096701,100.0,20.0,50.02,-4.0045,41.263488419980604,1.79,2.5
2025-04-19 13:36:01,50.01819956666667,-4.00695345,1.799994284928,217.4,266.3925015724828,-176.19624867033187,-12.730817550122923,100.0,20.0,50.02,-4.0045,41.20375132966814,,
2025-04-19 13:36:03,50.0181892,-4.00697095,1.799994284928,241.3,268.08537537044685,159.9425451100729,-12.630392411492542,-100.0,20.0,50.02,-4.0045,41.24254511007291,,
2025-04-19 13:36:05,50.01818481666667,-4.006991983333333,1.799994284928,255.5,269.4453102684495,145.91467827934542,-11.885787218306849,-100.0,20.0,50.02,-4.0045,41.414678279345424,,
2025-04-19 13:36:06,50.018180083333334,-4.007011566666667,1.799994284928,239.5,270.76797601458037,162.06319456075101,-11.2428946653484,-100.0,20.0,50.02,-4.0045,41.563194560751015,,
2025-04-19 13:36:08,50.01817025,-4.007030133333333,1.8999939674239998,220.7,272.468221726031,-179.08058321193357,-11.04633606131111,0.0,20.0,50.02,-4.0045,41.61941678806642,,
2025-04-19 13:36:11,50.018151,-4.007044883333333,1.4999952374399999,201.4,274.7716612724287,-159.91291295983197,-11.773774563726134,100.0,20.0,50.02,-4.0045,41.487087040168035,,
2025-04-19 13:36:14,50.018130533333334,-4.007059283333334,1.799994284928,216.3,277.1616831232518,-174.96542600716845,-12.6132257211914,100.0,20.0,50.02,-4.0045,41.334573992831565,,
2025-04-19 13:36:15,50.018122416666664,-4.007073716666667,1.6999946024319998,237.9,278.52202339652627,163.4712690165732,-12.496921394474386,-100.0,20.0,50.02,-4.0045,41.371269016573194,1.69,355.7
2025-04-19 13:36:17,50.01811731666667,-4.007092233333333,1.799994284928,251.7,279.8241362869532,149.79793695522682,-11.937287289250845,-100.0,20.0,50.02,-4.0045,41.497936955226805,,
2025-04-19 13:36:19,50.01811086666667,-4.007114633333333,1.8999939674239998,237.0,281.4244656360881,164.64537837457334,-11.281948885820949,-100.0,20.0,50.02,-4.0045,41.64537837457334,,
2025-04-19 13:36:22,50.01809106666666,-4.007137866666667,1.799994284928,197.4,284.1759512480414,-155.79956905704833,-11.614982678572645,100.0,20.0,50.02,-4.0045,41.600430942951675,,
2025-04-19 13:36:25,50.01806628333333,-4.0071438,1.799994284928,197.3,286.5247874365449,-156.00239406250375,-13.223930729880339,100.0,20.0,50.02,-4.0045,41.29760593749626,,
2025-04-19 13:36:28,50.018046383333335,-4.007165533333334,1.6999946024319998,237.3,289.2151920368323,163.93932756395026,-13.641939639313891,-100.0,20.0,50.02,-4.0045,41.23932756395027,,
2025-04-19 13:36:31,50.0180362,-4.00720065,1.799994284928,239.9,291.7256605271333,161.56349899098083,-12.620092397528053,-100.0,20.0,50.02,-4.0045,41.46349899098084,,
2025-04-19 13:36:33,50.01802645,-4.007219483333333,1.8999939674239998,220.3,293.43113193626243,-178.77972802735223,-12.403362931777364,0.0,20.0,50.02,-4.0045,41.52027197264778,,
2025-04-19 13:36:34,50.018015483333336,-4.007229233333334,1.599994919936,205.5,294.8076078748579,-164.0355325317537,-12.748413407301802,100.0,20.0,50.02,-4.0045,41.46446746824631,,
2025-04-19 13:36:36,50.01800301666667,-4.0072382,1.6999946024319998,207.9,296.2725752404556,-166.52030338056656,-13.249680765163864,100.0,20.0,50.02,-4.0045,41.379696619433446,,
2025-04-19 13:36:38,50.017991216666665,-4.007252116666667,1.799994284928,227.1,297.9162570630605,174.25633563806107,-13.444522700645342,-100.0,20.0,50.02,-4.0045,41.35633563806107,,
2025-04-19 13:36:41,50.017979016666665,-4.007284816666667,1.8999939674239998,234.7,300.48233965404484,166.81997350909967,-12.702921678234722,-100.0,20.0,50.02,-4.0045,41.51997350909966,,
2025-04-19 13:36:44,50.01795846666667,-4.00730665,1.8999939674239998,197.4,303.2305511076076,-155.94563512620843,-13.16599314958882,100.0,20.0,50.02,-4.0045,41.454364873791576,,
2025-04-19 13:36:47,50.01793368333333,-4.00731035,1.8999939674239998,192.2,305.4778221327919,-151.0510042392317,-14.889958026684733,100.0,20.0,50.02,-4.0045,41.14899576076829,,
2025-04-19 13:36:50,50.017912966666664,-4.007331083333334,1.799994284928,233.3,308.19048353135946,167.77446871516082,-15.422554594383147,-100.0,20.0,50.02,-4.0045,41.07446871516083,,
2025-04-19 13:36:51,50.017907566666665,-4.00734855,1.6999946024319998,248.6,309.46500611047253,152.5757060694592,-14.940170595969851,-100.0,20.0,50.02,-4.0045,41.17570606945918,1.72,356.6
2025-04-19 13:36:53,50.01790153333334,-4.007367383333333,1.799994284928,233.9,310.85796150733995,167.381080187256,-14.436328234235352,-100.0,20.0,50.02,-4.0045,41.28108018725601,,
2025-04-19 13:36:55,50.017891066666664,-4.007383683333333,1.8999939674239998,216.0,312.5027772613121,-174.69923156064613,-14.405428192132332,100.0,20.0,50.02,-4.0045,41.300768439353874,,
2025-04-19 13:36:56,50.0178807,-4.007391266666667,1.799994284928,199.3,313.7279396753814,-158.0639179769554,-14.815712090925999,100.0,20.0,50.02,-4.0045,41.23608202304462,,
2025-04-19 13:36:58,50.017866616666666,-4.007401316666667,1.8999939674239998,214.2,315.3811171729082,-173.05345731728738,-15.386075377242545,100.0,20.0,50.02,-4.0045,41.14654268271261,,
2025-04-19 13:37:01,50.0178531,-4.007429766666666,1.799994284928,250.9,317.85362797865133,150.3442832036075,-14.965062296491189,-100.0,20.0,50.02,-4.0045,41.244283203607495,,
2025-04-19 13:37:03,50.01785161666667,-4.007451966666666,1.799994284928,268.2,319.02650430595816,133.23914754373067,-13.936348378377858,-100.0,20.0,50.02,-4.0045,41.439147543730655,,
2025-04-19 13:37:04,50.01784983333334,-4.007472283333334,1.799994284928,251.9,320.1385326583603,149.71059274350787,-13.027801292298042,-100.0,20.0,50.02,-4.0045,41.61059274350788,,
2025-04-19 13:37:06,50.01784391666666,-4.007490983333334,1.799994284928,235.9,321.51971195627596,165.81085231092302,-12.521813095192218,-100.0,20.0,50.02,-4.0045,41.71085231092303,,
2025-04-19 13:37:09,50.0178254,-4.007512333333334,1.799994284928,201.0,324.07466257131205,-159.33009071419997,-12.852701051155645,100.0,20.0,50.02,-4.0045,41.66990928580003,,
2025-04-19 13:37:10,50.017812416666665,-4.00751615,1.799994284928,187.3,325.33666321957764,-145.76340405921843,-13.659106329699885,100.0,20.0,50.02,-4.0045,41.53659594078158,,
2025-04-19 13:37:12,50.0177974,-4.007522083333333,1.799994284928,206.3,326.8703218575465,-164.9020228930047,-14.51357834099161,100.0,20.0,50.02,-4.0045,41.39797710699531,,
2025-04-19 13:37:13,50.017786783333335,-4.0075348,1.799994284928,226.3,328.3583834106559,175.08065584422536,-14.678807735210746,-100.0,20.0,50.02,-4.0045,41.38065584422537,,
2025-04-19 13:37:15,50.01778013333333,-4.007549233333333,1.799994284928,240.3,329.5964318960491,161.1302357998104,-14.449203252248315,-100.0,20.0,50.02,-4.0045,41.43023579981042,,
2025-04-19 13:37:18,50.01776471666667,-4.007578383333334,1.799994284928,212.0,332.26312429776107,-170.49603591119342,-14.138915324161824,100.0,20.0,50.02,-4.0045,41.50396408880658,,
2025-04-19 13:37:22,50.0177351,-4.007601716666667,1.799994284928,222.6,335.83951189963796,178.74445738030525,-15.225137654956367,-50.0,20.0,50.02,-4.0045,41.34445738030524,,
2025-04-19 13:37:23,50.01772675,-4.007617716666667,1.799994284928,238.2,337.2934467780268,163.1860930487614,-15.046174908321888,-100.0,20.0,50.02,-4.0045,41.38609304876138,1.79,354.8
2025-04-19 13:37:25,50.01771986666667,-4.007635383333334,1.8999939674239998,235.9,338.70407833300476,165.5607652291375,-14.668078553806396,-100.0,20.0,50.02,-4.0045,41.46076522913751,,
2025-04-19 13:37:27,50.017710183333335,-4.0076515666666666,1.799994284928,213.9,340.27836819469,-172.41335408496232,-14.582674269272347,100.0,20.0,50.02,-4.0045,41.486645915037684,,
2025-04-19 13:37:28,50.01769825,-4.007661033333333,1.799994284928,204.3,341.72226444131326,-162.8758597257206,-15.016991534690854,100.0,20.0,50.02,-4.0045,41.42414027427941,,
2025-04-19 13:37:31,50.0176795,-4.0076828,1.799994284928,231.9,344.3175234481873,169.4885905489323,-15.344446152943586,-100.0,20.0,50.02,-4.0045,41.388590548932314,,
2025-04-19 13:37:32,50.01767313333333,-4.007701983333333,1.799994284928,249.4,345.7569180366457,152.08151679143228,-14.848328802406723,-100.0,20.0,50.02,-4.0045,41.481516791432284,,
2025-04-19 13:37:34,50.0176671,-4.0077217,1.9999936499200002,237.7,347.1947741279016,163.8824449410685,-14.298994711823168,-100.0,20.0,50.02,-4.0045,41.5824449410685,,
2025-04-19 13:37:36,50.01765641666667,-4.007737966666666,1.799994284928,213.8,348.85658578674986,-172.20426220723954,-14.286548861022919,100.0,20.0,50.02,-4.0045,41.595737792760474,,
2025-04-19 13:37:38,50.017643883333335,-4.007747466666666,1.8999939674239998,200.7,350.35134918259917,-159.17263773126075,-14.76549952129685,100.0,20.0,50.02,-4.0045,41.52736226873924,,
2025-04-19 13:37:39,50.017630966666665,-4.00775675,1.8999939674239998,211.1,351.86832835793626,-169.64692378622735,-15.285221071330586,100.0,20.0,50.02,-4.0045,41.45307621377265,,
2025-04-19 13:37:41,50.0176208,-4.0077712666666665,1.799994284928,235.9,353.4039711569354,165.557770226617,-15.322987789749574,-100.0,20.0,50.02,-4.0045,41.457770226617015,,
2025-04-19 13:37:44,50.01761081666667,-4.0078041,1.8999939674239998,241.3,355.7932125097201,160.3226957585893,-14.40328235521089,-100.0,20.0,50.02,-4.0045,41.622695758589316,,
2025-04-19 13:37:45,50.017602616666665,-4.007821566666666,1.8999939674239998,225.4,357.3055842612492,176.2752194660192,-14.137198655333822,-100.0,100.0,50.02,-4.0045,41.6752194660192,,
2025-04-19 13:37:47,50.0175874,-4.007834933333333,2.599991744896,197.9,359.20676429467375,-156.2905328130644,-14.62430349363955,100.0,20.0,50.02,-4.0045,41.6094671869356,,
2025-04-19 13:37:50,50.01755133333333,-4.007841716666666,2.399992379904,192.4,362.53819128798546,-151.15455999156407,-17.06111518649352,100.0,20.0,50.02,-4.0045,41.245440008435935,,
2025-04-19 13:37:53,50.017527333333334,-4.007866033333333,1.9999936499200002,231.2,365.69400093656526,169.97435322363782,-17.66280768237033,-100.0,20.0,50.02,-4.0045,41.17435322363781,,
2025-04-19 13:37:56,50.01751636666667,-4.007900733333333,1.9999936499200002,241.0,368.2485117203078,160.33995884806433,-16.722931386437416,-100.0,20.0,50.02,-4.0045,41.33995884806433,,
2025-04-19 13:38:00,50.0174873,-4.007931166666666,1.799994284928,186.0,372.11608692019547,-144.7374912328237,-17.40101565485237,100.0,20.0,50.02,-4.0045,41.262508767176314,,
2025-04-19 13:38:02,50.01747388333333,-4.007930683333333,1.799994284928,174.4,373.21734067294176,-133.29269675331213,-18.46234628486011,100.0,20.0,50.02,-4.0045,41.10730324668788,,
2025-04-19 13:38:03,50.0174604,-4.007930183333333,1.8999939674239998,185.2,374.3261404945417,-144.24787024882323,-19.52968525634144,100.0,20.0,50.02,-4.0045,40.952129751176756,,
2025-04-19 13:38:05,50.017446783333334,-4.0079358,1.799994284928,208.9,375.734914331231,-168.05310347482,-20.29231547415934,100.0,20.0,50.02,-4.0045,40.84689652518,,
2025-04-19 13:38:09,50.0174282,-4.007977516666666,1.6999946024319998,262.3,379.25249012029644,138.68347195057947,-19.579468658281115,-100.0,20.0,50.02,-4.0045,40.983471950579485,,
2025-04-19 13:38:10,50.01742873333333,-4.0079977,1.799994284928,278.8,380.15617901987434,122.35358210956707,-18.4988255016384,-100.0,20.0,50.02,-4.0045,41.15358210956708,,
2025-04-19 13:38:12,50.01742973333333,-4.0080191166666665,1.8999939674239998,267.5,381.0824538855289,133.83800134391674,-17.318615541375074,-100.0,20.0,50.02,-4.0045,41.338001343916744,,
2025-04-19 13:38:14,50.0174264,-4.00803895,1.799994284928,245.9,382.29896031634746,155.56089232455318,-16.554697821384845,-100.0,20.0,50.02,-4.0045,41.460892324553186,,
2025-04-19 13:38:15,50.01741893333333,-4.008056916666667,1.799994284928,224.8,383.77297828374736,176.7225012961789,-16.206214007583352,-50.0,20.0,50.02,-4.0045,41.522501296178916,1.81,5.0
2025-04-19 13:38:17,50.01740876666667,-4.008068566666667,1.6999946024319998,211.4,385.17274754493354,-169.89630342685646,-16.391614262830274,100.0,20.0,50.02,-4.0045,41.50369657314354,,
2025-04-19 13:38:20,50.0173867,-4.008087266666666,1.8999939674239998,216.4,387.89929897269457,-174.98879366431512,-17.133215285253726,100.0,20.0,50.02,-4.0045,41.41120633568488,,
2025-04-19 13:38:23,50.01737375,-4.008119566666666,1.799994284928,256.1,390.50946370006034,145.4255057627867,-16.470151871534487,-100.0,20.0,50.02,-4.0045,41.525505762786736,,
2025-04-19 13:38:26,50.01737408333333,-4.0081575,1.8999939674239998,267.2,392.28588243184373,134.62576437251414,-14.490832476068993,-100.0,20.0,50.02,-4.0045,41.82576437251413,,
2025-04-19 13:38:28,50.01737068333333,-4.008177366666667,1.799994284928,245.7,393.5163942964476,156.24317901663812,-13.73034809406362,-100.0,20.0,50.02,-4.0045,41.94317901663811,,
2025-04-19 13:38:29,50.01736341666667,-4.008194933333334,1.799994284928,225.9,394.9581260141917,176.10031303702604,-13.387014287148224,-100.0,100.0,50.02,-4.0045,42.00031303702605,,
2025-04-19 13:38:31,50.017348983333335,-4.008209066666667,2.4999920624,201.4,396.82872821184105,-159.44645415561436,-13.774123154219613,100.0,20.0,50.02,-4.0045,41.953545844385644,,
2025-04-19 13:38:34,50.01731373333333,-4.008216666666667,2.399992379904,193.5,400.11654415616505,-151.8642213423616,-16.105788869044844,100.0,20.0,50.02,-4.0045,41.63577865763841,,
2025-04-19 13:38:36,50.0172995,-4.008227266666666,1.9999936499200002,218.4,401.804775685516,-176.83353457966777,-16.659414632181598,50.0,20.0,50.02,-4.0045,41.566465420332236,,
2025-04-19 13:38:37,50.01728936666667,-4.0082432,1.8999939674239998,231.4,403.40494682983734,170.18126210945982,-16.621647913422883,-100.0,20.0,50.02,-4.0045,41.58126210945983,,
2025-04-19 13:38:39,50.017281266666664,-4.0082632333333335,1.8999939674239998,238.7,405.03073255371555,162.94822066944687,-16.21565568718411,-100.0,20.0,50.02,-4.0045,41.64822066944686,,
2025-04-19 13:38:42,50.017263033333336,-4.008289783333334,1.799994284928,205.5,407.8094837433613,-163.84193469341443,-16.25685574358026,100.0,20.0,50.02,-4.0045,41.65806530658557,,
2025-04-19 13:38:46,50.0172295,-4.00830625,1.9999936499200002,209.9,411.38444778081805,-168.4649569842105,-17.999274812702637,100.0,20.0,50.02,-4.0045,41.43504301578952,,
2025-04-19 13:38:49,50.01721431666667,-4.008336216666667,1.799994284928,250.2,414.0703890598683,151.302609837087,-17.628903468645237,-100.0,20.0,50.02,-4.0045,41.50260983708699,,
2025-04-19 13:38:52,50.01721138333333,-4.008373883333333,1.8999939674239998,256.8,416.104206192879,144.95063008938263,-15.915667773411696,-100.0,20.0,50.02,-4.0045,41.75063008938264,,
2025-04-19 13:38:55,50.01719775,-4.0084068,1.799994284928,217.6,418.8049566905366,-175.7473384544298,-15.273633554757946,100.0,20.0,50.02,-4.0045,41.852661545570186,,
2025-04-19 13:38:58,50.01717735,-4.008423966666666,1.799994284928,215.3,421.3161956786693,-173.52902382768116,-15.965451175532564,100.0,20.0,50.02,-4.0045,41.77097617231885,,
2025-04-19 13:38:59,50.017169233333334,-4.008436083333334,1.799994284928,231.1,422.5674262980542,170.67699981008118,-15.968455346032856,-100.0,20.0,50.02,-4.0045,41.77699981008118,,
2025-04-19 13:39:02,50.01715908333333,-4.00846795,1.8999939674239998,243.8,424.9297025842805,158.1046752121506,-15.111408331228239,-100.0,20.0,50.02,-4.0045,41.90467521215061,,
2025-04-19 13:39:03,50.017150783333335,-4.008485983333333,1.799994284928,221.1,426.4790208495314,-179.1492680743181,-14.823866267939062,0.0,20.0,50.02,-4.0045,41.95073192568191,1.87,3.3
2025-04-19 13:39:05,50.017140266666665,-4.008497366666667,1.599994919936,211.0,427.89405121855737,-169.07298300322503,-15.050037413311811,100.0,20.0,50.02,-4.0045,41.92701699677497,,
